{"cameraMode":{"drawMode":0,"name":"Shaded","section":"Shading Mode"},"sceneLighting":true,"audioPlay":false,"sceneViewState":{"showFog":true,"showMaterialUpdate":false,"showSkybox":true,"showFlares":true,"showImageEffects":true,"showParticleSystems":true},"in2DMode":false,"pivot":{"x":8.747467041015625,"y":3.99202823638916,"z":-9.645111083984375},"rotation":{"x":-0.46061649918556216,"y":-0.4437653720378876,"z":0.2864685356616974,"w":-0.7133709192276001},"size":4.719509124755859,"orthographic":false}