{"cameraMode":{"drawMode":0,"name":"Shaded","section":"Shading Mode"},"sceneLighting":true,"audioPlay":false,"sceneViewState":{"showFog":true,"showMaterialUpdate":false,"showSkybox":true,"showFlares":true,"showImageEffects":true,"showParticleSystems":true},"in2DMode":false,"pivot":{"x":10.166229248046875,"y":7.240644454956055,"z":-9.721105575561524},"rotation":{"x":0.5619617700576782,"y":0.08453629910945893,"z":-0.057743147015571597,"w":0.8208529949188232},"size":4.376230239868164,"orthographic":false}